ID,TransactionID,Amount,Method,Status,Event,User,PayerName,UPI,Date
"31","TXN-1774588018896-r5pcsl7fl","233.00","upi","completed","Ultimate Esports Battle","Admin User","ddd","dd@upi","Fri Mar 27 2026 10:36:58 GMT+0530 (India Standard Time)"
"30","TXN-1774587915622-r0pazma9s","890.00","card","completed","Royal Wedding Ceremony","Admin User","bb","bb@upi","Fri Mar 27 2026 10:35:15 GMT+0530 (India Standard Time)"
"29","TXN-1772612019148-1nzzt790i","3000.00","card","completed","Admin Summit 2026","Admin User","supii","supii@upi","Wed Mar 04 2026 13:43:39 GMT+0530 (India Standard Time)"
"28","TXN-1772611727674-3se5vdkak","4500.00","netbanking","completed","Admin Summit 2026","Admin User","om","om@upi","Wed Mar 04 2026 13:38:47 GMT+0530 (India Standard Time)"
"27","TXN-1772611213061-li29b9aa8","7000.00","card","completed","Grand Birthday Bash","bhagya","sakshi","sakshi@upi","Wed Mar 04 2026 13:30:13 GMT+0530 (India Standard Time)"
"26","TXN-1772611172462-0ja75h063","700.00","upi","completed","Ultimate Esports Battle","bhagya","shubhada","shubhada@upi","Wed Mar 04 2026 13:29:32 GMT+0530 (India Standard Time)"
"25","TXN-1772611038157-o99zb645m","1000.00","netbanking","completed","Organic & Healthy Food Fair","bhagya","Prerana Pawar","prerana@upi","Wed Mar 04 2026 13:27:18 GMT+0530 (India Standard Time)"
"24","TXN-1772357439878-ojysrtzmi","150.50","upi","completed","Tech Summit 2026","Admin User","Test Payer","testpayer@upi","Sun Mar 01 2026 15:00:39 GMT+0530 (India Standard Time)"
"23","TXN-1772356562441-b8qa2gijj","100.00","card","completed","Tech Summit 2026","Admin User","","","Sun Mar 01 2026 14:46:02 GMT+0530 (India Standard Time)"
"22","TXN-1772356482528-m24up52r6","100.00","card","completed","Tech Summit 2026","Admin User","","","Sun Mar 01 2026 14:44:42 GMT+0530 (India Standard Time)"
"16","TXN-1772355828914-pjllo48yc","100.00","card","completed","Tech Summit 2026","Admin User","","","Sun Mar 01 2026 14:33:48 GMT+0530 (India Standard Time)"
"15","TXN-1772355813965-megaqhd55","100.00","card","completed","Tech Summit 2026","Admin User","","","Sun Mar 01 2026 14:33:33 GMT+0530 (India Standard Time)"